dimension,categoria,orden_categoria,indicador,media,mediana,p25,p75,p95,p99,se_muestral,ic_muestral_inf,ic_muestral_sup,se_delta,ic_delta_inf,ic_delta_sup,metodo_ic_principal,ic95_inf,ic95_sup,n_valido
muestra_general,Muestra general,1,VoL_predicho,5.937480134401695,4.557256666707038,3.647741259474441,6.096033530357493,13.874362058636024,27.273567952187605,0.06939252330278282,5.801452510217749,6.073507758585641,0.17728745485262046,5.589996722890559,6.284963545912831,delta,5.589996722890559,6.284963545912831,7925
muestra_general,Muestra general,1,VTAW_predicho,1.9278886911209376,1.3389001715361424,0.7606914018373465,2.3494889128062875,5.051463006904615,11.315586973871868,0.03220180761962145,1.864764665989113,1.9910127162527622,0.17728745474253074,1.5804052798255774,2.275372102416298,delta,1.5804052798255774,2.275372102416298,7925
muestra_general,Muestra general,1,VoL_observado,7.599781814817923,4.800875910766598,0,9.663570440814924,25.74842151740927,56.20071354324091,0.13243897495441564,7.3401665384890995,7.859397091146746,NA,NA,NA,t_muestra,7.3401665384890995,7.859397091146746,7925
muestra_general,Muestra general,1,VTAW_observado,3.5901903715371652,1.6453018522380232,-2.923122,5.586436488783959,18.38555295275843,41.82068652379817,0.1084102617496972,3.3776777024326594,3.802703040641671,NA,NA,NA,t_muestra,3.3776777024326594,3.802703040641671,7925
muestra_general,Muestra general,1,w,4.009591443280757,3.08881,2.885168,3.960761,8.844060999999998,17.095946720000036,0.0384776347382811,3.9341651438964815,4.085017742665033,NA,NA,NA,t_muestra,3.9341651438964815,4.085017742665033,7925
edad,18 a 29,1,VoL_predicho,2.066438000598244,1.8661134684436025,1.3823698018087034,2.3900732039069927,3.8225236712196593,7.35503495388548,0.039161689632415786,1.9896276836859552,2.1432483175105324,0.10928232821800714,1.85224463729095,2.280631363905538,delta,1.85224463729095,2.280631363905538,1697
edad,18 a 29,1,VTAW_predicho,-1.3859506405331645,-1.1710780165441,-1.7105008527712249,-0.7575599484198012,-0.37304756224485097,-0.22769319360889403,0.05106399584037179,-1.486105708920718,-1.2857955721456111,0.10928232821800714,-1.6001440038404584,-1.1717572772258706,delta,-1.6001440038404584,-1.1717572772258706,1697
edad,18 a 29,1,VoL_observado,2.448922660596262,0.46374991255926246,0,3.709857896576316,9.182469311629626,19.492594959158723,0.10689509886490751,2.23926249278298,2.6585828284095445,NA,NA,NA,t_muestra,2.23926249278298,2.6585828284095445,1697
edad,18 a 29,1,VTAW_observado,-1.003465980535146,-2.1774010874407375,-3.0425470000000003,0.3976523041454252,4.22514104106145,10.883573596680723,0.09136438945680798,-1.1826647785069864,-0.8242671825633058,NA,NA,NA,t_muestra,-1.1826647785069864,-0.8242671825633058,1697
edad,18 a 29,1,w,3.4523886411314084,3.039581,2.845078,3.246554,6.035044599999999,12.49340348,0.08434911362844615,3.286949350593016,3.617827931669801,NA,NA,NA,t_muestra,3.286949350593016,3.617827931669801,1697
edad,30 a 44,2,VoL_predicho,8.855765413999617,6.373540255120099,4.510457248210239,10.095224071632494,21.719305415889647,42.504375283466395,0.18961183386573083,8.483954183919902,9.227576644079331,0.5741125557376702,7.730504804753783,9.98102602324545,delta,7.730504804753783,9.98102602324545,2517
edad,30 a 44,2,VTAW_predicho,4.546112402080665,3.00797848048129,1.6262910502545824,5.5475253580770385,13.01351094330104,25.857937433421498,0.12846104953917004,4.294212191673374,4.798012612487955,0.5741125567690392,3.420851790813348,5.671373013347981,delta,3.420851790813348,5.671373013347981,2517
edad,30 a 44,2,VoL_observado,11.23063927374436,7.487702426427388,1.1883054505575887,15.175134268124697,36.181186011430356,76.8236621729913,0.3004619975891941,10.641461147895134,11.819817399593587,NA,NA,NA,t_muestra,10.641461147895134,11.819817399593587,2517
edad,30 a 44,2,VTAW_observado,6.92098626182541,4.098156474491137,-1.3224785045632657,10.241870720678126,27.43266842326918,62.46324070383387,0.2556328831127701,6.419713874015016,7.422258649635805,NA,NA,NA,t_muestra,6.419713874015016,7.422258649635805,2517
edad,30 a 44,2,w,4.309653011918951,3.201757,2.906574,4.89065,9.146123599999994,16.917574080000048,0.06387504623034873,4.184399967179549,4.434906056658353,NA,NA,NA,t_muestra,4.184399967179549,4.434906056658353,2517
edad,45 a 59,3,VoL_predicho,12.80212142023589,8.238038174656925,5.661726183880172,13.386060172059013,39.686694700465615,77.57997024853853,0.32219829126292304,12.170296865405538,13.433945975066242,1.1264753607724105,10.594229713121965,15.010013127349815,delta,10.594229713121965,15.010013127349815,2336
edad,45 a 59,3,VTAW_predicho,8.500818722461918,5.129913460963093,2.767199008229432,9.394171877205597,28.610486672008683,58.97517098436741,0.24871394136432132,8.013095542222016,8.98854190270182,1.1264753607724105,6.292927015347994,10.708710429575843,delta,6.292927015347994,10.708710429575843,2336
edad,45 a 59,3,VoL_observado,15.905636148905659,9.751676307004121,9.350089417379913e-7,19.118536138133514,53.84297442254383,116.61447634600975,0.525426534110063,14.875284980037284,16.935987317774035,NA,NA,NA,t_muestra,14.875284980037284,16.935987317774035,2336
edad,45 a 59,3,VTAW_observado,11.604333451131685,6.576598648868931,-2.0972038182576416,14.970698785518785,43.76178802562603,95.28467908856061,0.46639709270206864,10.68973786368896,12.518929038574411,NA,NA,NA,t_muestra,10.68973786368896,12.518929038574411,2336
edad,45 a 59,3,w,4.301302697773973,3.1063795,2.8446372500000003,4.26165625,11.093695499999999,20.272173650000013,0.07652087992113928,4.151246747129754,4.451358648418191,NA,NA,NA,t_muestra,4.151246747129754,4.451358648418191,2336
edad,60 o mas,4,VoL_predicho,8.35473542007617,6.893883248228467,5.107484788344377,9.053341677980447,17.901862678196135,34.9201475699139,0.2473299705728499,7.869550189401588,8.83992065075075,0.8061865650978259,6.77460975248443,9.934861087667908,delta,6.77460975248443,9.934861087667908,1375
edad,60 o mas,4,VTAW_predicho,4.702321652076169,3.754019518195583,2.2097178388628445,5.813221580281289,10.682651382626643,23.054660739181106,0.16709569382467027,4.374531362184179,5.030111941968158,0.8061865645952896,3.122195985469401,6.282447318682936,delta,3.122195985469401,6.282447318682936,1375
edad,60 o mas,4,VoL_observado,9.901929876519826,7.171454651505461,3.0302386637077063,12.282008162838128,28.996578370013005,58.096523478657886,0.35722077288543647,9.201172735390735,10.602687017648918,NA,NA,NA,t_muestra,9.201172735390735,10.602687017648918,1375
edad,60 o mas,4,VTAW_observado,6.249516108519826,4.05495123652351,-0.027304151361256634,8.796978706180479,22.918011382218157,48.42891653198308,0.3104430361754437,5.640522480415484,6.858509736624168,NA,NA,NA,t_muestra,5.640522480415484,6.858509736624168,1375
edad,60 o mas,4,w,3.652413768,3.072277,2.930521,3.2492235000000003,7.554713699999995,14.224999439999998,0.08482050075170786,3.486022068167451,3.8188054678325494,NA,NA,NA,t_muestra,3.486022068167451,3.8188054678325494,1375
sexo,Hombres,1,VoL_predicho,5.224939567187106,3.614022998597687,3.098015794958301,5.460635218471916,13.730972950201508,24.580301775658334,0.10050406549813179,5.027878427055582,5.42200070731863,0.20193207954042852,4.829152691287867,5.620726443086346,delta,4.829152691287867,5.620726443086346,3107
sexo,Hombres,1,VTAW_predicho,0.5117498877535689,0.35360071984913555,0.2142583412848187,0.541820501506949,1.494899687125919,3.0270388801575367,0.014505316420581189,0.4833089070067614,0.5401908685003763,0.20193207961293919,0.11596301171220808,0.9075367637949296,delta,0.11596301171220808,0.9075367637949296,3107
sexo,Hombres,1,VoL_observado,6.555034597237069,4.194688673402979,1.4931551377047623,8.085225324635768,21.213952594137975,45.288939565353346,0.16920518339209814,6.223269248341503,6.886799946132634,NA,NA,NA,t_muestra,6.223269248341503,6.886799946132634,3107
sexo,Hombres,1,VTAW_observado,1.8418449178035319,0.5772720187242757,-1.417530038579116,3.0439955093230013,11.610037006637238,28.18898835850416,0.12247160858737,1.6017113997975614,2.0819784358095026,NA,NA,NA,t_muestra,1.6017113997975614,2.0819784358095026,3107
sexo,Hombres,1,w,4.713189679433537,3.246554,2.8524434999999997,4.966003,12.205716699999998,21.573747320000013,0.08643065323015948,4.5437226734628755,4.882656685404198,NA,NA,NA,t_muestra,4.5437226734628755,4.882656685404198,3107
sexo,Mujeres,2,VoL_predicho,5.824378221035157,4.765545241944368,3.809411513824025,6.582982588826507,12.157472102032143,23.21650561389153,0.058608130779367516,5.709479525103617,5.939276916966697,0.22856119067104222,5.376398287319914,6.2723581547504,delta,5.376398287319914,6.2723581547504,4818
sexo,Mujeres,2,VTAW_predicho,2.26851855851959,1.645233389377552,0.8951181452266797,2.966862507181942,5.541838591015079,11.056298090599155,0.033228380830913215,2.2033757605047355,2.3336613565344444,0.22856119041985953,1.8205386252966653,2.716498491742515,delta,1.8205386252966653,2.716498491742515,4818
sexo,Mujeres,2,VoL_observado,7.590739360055558,4.55345882201056,0,10.268227528409005,26.50897691308384,53.583936592532936,0.17001211769894178,7.257437984352158,7.9240407357589575,NA,NA,NA,t_muestra,7.257437984352158,7.9240407357589575,4818
sexo,Mujeres,2,VTAW_observado,4.034879697539991,1.6324091145653317,-2.9881369999999996,6.737163120356589,20.860590708010037,43.54634914025653,0.15101787783794943,3.738815704452575,4.330943690627407,NA,NA,NA,t_muestra,3.738815704452575,4.330943690627407,4818
sexo,Mujeres,2,w,3.5558596625155667,3.056833,2.89752675,3.4080777500000003,6.808978849999999,11.887959419999984,0.02812123528227201,3.500729201623022,3.6109901234081114,NA,NA,NA,t_muestra,3.500729201623022,3.6109901234081114,4818
ingresos,Quintil bajo,1,VoL_predicho,4.171676635674542,3.8432701869961226,3.2674670782485524,4.80945202442377,7.1083595067777985,10.2084644821178,0.023523904628808535,4.125559922398537,4.217793348950547,0.12524599463926891,3.926194486181575,4.417158785167509,delta,3.926194486181575,4.417158785167509,5214
ingresos,Quintil bajo,1,VTAW_predicho,1.0011858359046917,0.8000621206094527,0.44471563408469517,1.385981884685401,2.526371192242504,3.46167730651387,0.011235893955936157,0.9791587741502015,1.0232128976591819,0.1252459948103293,0.7557036860764462,1.246667985732937,delta,0.7557036860764462,1.246667985732937,5214
ingresos,Quintil bajo,1,VoL_observado,4.9360931079547665,3.738109192551488,0,7.79672258127076,15.700155343424374,24.247243291143622,0.08584541724321999,4.7678001074714915,5.1043861084380415,NA,NA,NA,t_muestra,4.7678001074714915,5.1043861084380415,5214
ingresos,Quintil bajo,1,VTAW_observado,1.765602308184916,0.7864548608664994,-2.99096375,4.396443528866413,11.747274705671765,19.864915210090338,0.08165427673431228,1.6055256998439575,1.9256789165258743,NA,NA,NA,t_muestra,1.6055256998439575,1.9256789165258743,5214
ingresos,Quintil bajo,1,w,3.1704907997698504,3.0407595,2.7561872500000004,3.27778025,5.144000649999999,7.165369329999998,0.01465329339094648,3.1417642026966806,3.19921739684302,NA,NA,NA,t_muestra,3.1417642026966806,3.19921739684302,5214
ingresos,Quintil medio,2,VoL_predicho,5.292463724345394,4.273519585976327,3.55467993731566,6.17529624551462,11.325131231041457,16.559483660748466,0.07355673776288746,5.148179208364142,5.436748240326646,0.28605819912138325,4.731789654067483,5.853137794623305,delta,4.731789654067483,5.853137794623305,1507
ingresos,Quintil medio,2,VTAW_predicho,1.0626850408682873,0.8852304401840989,0.5649692731645621,1.3185467702151894,2.495081618801107,3.9771154367202515,0.019439185823019647,1.0245542916963313,1.1008157900402433,0.286058199169236,0.5020109704965847,1.6233591112399899,delta,0.5020109704965847,1.6233591112399899,1507
ingresos,Quintil medio,2,VoL_observado,6.156242164344499,5.062266960203316,2.3416122412797664,8.713596409547609,16.62995381014865,23.704500054005692,0.14204780300725228,5.87760965389836,6.434874674790637,NA,NA,NA,t_muestra,5.87760965389836,6.434874674790637,1507
ingresos,Quintil medio,2,VTAW_observado,1.9264634808673917,1.210186911306685,-0.8570637194518016,3.7392466062328866,9.857692352199333,18.436363659237443,0.11799214735845164,1.6950171118606312,2.1579098498741525,NA,NA,NA,t_muestra,1.6950171118606312,2.1579098498741525,1507
ingresos,Quintil medio,2,w,4.2297786834771065,3.240772,2.9868565,4.962401,8.841544,12.538808380000004,0.055805934442541755,4.120313086105465,4.339244280848748,NA,NA,NA,t_muestra,4.120313086105465,4.339244280848748,1507
ingresos,Quintil alto,3,VoL_predicho,8.255889196769104,5.7802167342154105,3.472433075346168,10.213270181443075,21.49028929758496,35.48009988591517,0.24165652614174188,7.781774099567114,8.730004293971094,0.6046601400406411,7.070755322289448,9.441023071248761,delta,7.070755322289448,9.441023071248761,1204
ingresos,Quintil alto,3,VTAW_predicho,0.8881178662043194,0.5635183611720538,0.34848255723258326,1.0507995799996968,2.4932414929672864,4.127494752273057,0.03433340248796411,0.8207578626581773,0.9554778697504616,0.6046601418270792,-0.29701601177675574,2.0732517441853946,delta,-0.29701601177675574,2.0732517441853946,1204
ingresos,Quintil alto,3,VoL_observado,10.230603453795005,7.323276900196472,2.572678351353505,13.529944151495334,31.67390503546415,59.40983397649407,0.3396381624986059,9.56425447080879,10.896952436781222,NA,NA,NA,t_muestra,9.56425447080879,10.896952436781222,1204
ingresos,Quintil alto,3,VTAW_observado,2.862832123230221,1.1326506098901055,-1.4941050748745603,5.1461658103545656,15.310154917749392,36.30186250533758,0.24273426294174646,2.3866025733550496,3.339061673105393,NA,NA,NA,t_muestra,2.3866025733550496,3.339061673105393,1204
ingresos,Quintil alto,3,w,7.367771330564784,5.2465595,3.1051467500000003,9.09545975,19.0430403,31.394610240000027,0.20813821674688415,6.959417074878278,7.77612558625129,NA,NA,NA,t_muestra,6.959417074878278,7.77612558625129,1204
territorio,Norte,1,VoL_predicho,5.979228792895912,4.548178441396426,3.6662433256719593,6.151358024744892,13.916789030549708,25.96565273412856,0.134322390218915,5.715811284147233,6.24264630164459,0.3728364744731425,5.2484693029285525,6.709988282863271,delta,5.2484693029285525,6.709988282863271,2120
territorio,Norte,1,VTAW_predicho,1.9668637226128924,1.3680454152519477,0.8053079175238893,2.371852918585323,5.3323914033574304,10.683851462917577,0.06043651245711856,1.848342636716739,2.085384808509046,0.3728364746051967,1.2361042323867069,2.697623212839078,delta,1.2361042323867069,2.697623212839078,2120
territorio,Norte,1,VoL_observado,7.61751876986778,4.955894408233144,2.732127080312824e-15,9.76717763042368,25.99809412723726,52.573553667018295,0.23802251125240606,7.150736598719488,8.084300941016071,NA,NA,NA,t_muestra,7.150736598719488,8.084300941016071,2120
territorio,Norte,1,VTAW_observado,3.605153699584761,1.8039467667984,-2.719086975369837,5.6455980666143795,18.62128343209633,36.8572761372161,0.18740209043362768,3.237642432729942,3.97266496643958,NA,NA,NA,t_muestra,3.237642432729942,3.97266496643958,2120
territorio,Norte,1,w,4.0123650702830185,3.099967,2.85017425,3.99774925,8.82178865,15.999597819999948,0.07559626031993397,3.8641144433269368,4.1606156972391,NA,NA,NA,t_muestra,3.8641144433269368,4.1606156972391,2120
territorio,Centro,2,VoL_predicho,6.12670527364195,4.721335862461998,3.740042913169177,6.309214239037194,14.361552512567725,31.285030016545758,0.10604753990175578,5.918793049854496,6.334617497429405,0.26242104374871456,5.61236002789447,6.641050519389431,delta,5.61236002789447,6.641050519389431,4004
territorio,Centro,2,VTAW_predicho,2.1815573755400526,1.4967492204159893,0.8489442180647652,2.6439343912830284,5.801842585037666,13.637820714842208,0.053721856830827,2.0762326246779765,2.2868821264021286,0.26242104362017393,1.6672121300445117,2.6959026210355934,delta,1.6672121300445117,2.6959026210355934,4004
territorio,Centro,2,VoL_observado,7.947193759582392,4.884736593865586,0,9.92105563917828,27.160570150970067,62.524594529812184,0.20958901139502265,7.536282601427069,8.358104917737716,NA,NA,NA,t_muestra,7.536282601427069,8.358104917737716,4004
territorio,Centro,2,VTAW_observado,4.002045861480494,1.7883575778771843,-2.93731125,6.082086084004959,19.059347916197087,47.239736297602796,0.17607746844111447,3.6568359862078346,4.347255736753153,NA,NA,NA,t_muestra,3.6568359862078346,4.347255736753153,4004
territorio,Centro,2,w,3.945147898101898,3.0750735,2.87504325,3.7945695,8.791440149999996,17.682019479999997,0.054401667846625784,3.8384903391409178,4.051805457062878,NA,NA,NA,t_muestra,3.8384903391409178,4.051805457062878,4004
territorio,Sur,3,VoL_predicho,5.4662716630800485,4.1852594765032425,3.4423834444864934,5.705985432029415,12.31888309012597,23.10388762724539,0.1200678386884628,5.230784678078485,5.701758648081612,0.29061861817678847,4.8966591714535435,6.035884154706554,delta,4.8966591714535435,6.035884154706554,1801
territorio,Sur,3,VTAW_predicho,1.3166736314309648,0.9340545689984512,0.5194475785327506,1.6753279931408125,3.2656363245199227,7.430989808995591,0.04458197299199823,1.2292357752990912,1.4041114875628384,0.2906186185751331,0.747061139023704,1.8862861238382256,delta,0.747061139023704,1.8862861238382256,1801
territorio,Sur,3,VoL_observado,6.812720083870822,4.492602074121904,8.483637719206099e-16,9.019630403797443,22.98853134578903,43.444411447193175,0.22423783839777267,6.372926271769552,7.252513895972092,NA,NA,NA,t_muestra,6.372926271769552,7.252513895972092,1801
territorio,Sur,3,VTAW_observado,2.663122052221738,1.2802868777550638,-2.9054409999999993,4.573705008134883,14.96663657531537,28.96001002880708,0.17730893825103472,2.315369084077599,3.010875020365877,NA,NA,NA,t_muestra,2.315369084077599,3.010875020365877,1801
territorio,Sur,3,w,4.1495980316490835,3.11018,2.935113,4.381031,9.160879,16.56362,0.07817913107756005,3.996266647753142,4.302929415545025,NA,NA,NA,t_muestra,3.996266647753142,4.302929415545025,1801
cluster_tiempo,Cuidadores domesticos,1,VoL_predicho,22.64527248969938,15.35031970021209,8.666505214645332,28.406967855115976,60.71456759164002,123.07470361186935,0.48592149851611516,21.692424926292496,23.598120053106264,2.3522837887225974,18.034796263803088,27.255748715595672,delta,18.034796263803088,27.255748715595672,2514
cluster_tiempo,Cuidadores domesticos,1,VTAW_predicho,19.131422032658804,12.346438182233193,5.680226653755184,24.81223598839557,55.6629491624397,111.99246088005467,0.4572486686566082,18.234799263073644,20.028044802243965,2.352283789461668,14.520945805313936,23.741898260003673,delta,14.520945805313936,23.741898260003673,2514
cluster_tiempo,Cuidadores domesticos,1,VoL_observado,27.47602556178401,16.716176478643277,0,38.098146069614586,98.58523798489101,201.47024103058646,0.8167798350505506,25.874395096689483,29.077656026878536,NA,NA,NA,t_muestra,25.874395096689483,29.077656026878536,2514
cluster_tiempo,Cuidadores domesticos,1,VTAW_observado,23.962175104743437,13.552581374445472,-2.9968459999999997,34.18708796455968,92.6116397296731,190.62610221916597,0.7918309693582128,22.409467080737244,25.51488312874963,NA,NA,NA,t_muestra,22.409467080737244,25.51488312874963,2514
cluster_tiempo,Cuidadores domesticos,1,w,3.5138504570405726,3.0597315,2.935138,3.41314375,6.5870225,11.095567349999921,0.034184685709069774,3.446817418611142,3.5808834954700033,NA,NA,NA,t_muestra,3.446817418611142,3.5808834954700033,2514
cluster_tiempo,Rutina flexible,2,VoL_predicho,10.566852204885082,7.473279835822078,4.308977986236673,14.136571096209842,22.509221653934976,52.64246761922614,0.37725402535697145,9.826941655073627,11.306762754696537,1.0039690500113603,8.599072866862816,12.534631542907348,delta,8.599072866862816,12.534631542907348,1770
cluster_tiempo,Rutina flexible,2,VTAW_predicho,7.177145387935929,4.223905303341388,1.2590558155833447,10.920199515089493,18.996654965734244,40.06292251937492,0.3308478983712709,6.528251449279568,7.82603932659229,1.0039690500113603,5.209366049913663,9.1449247259581945,delta,5.209366049913663,9.1449247259581945,1770
cluster_tiempo,Rutina flexible,2,VoL_observado,12.781119977835065,0,0,17.658460251114445,56.26218865540906,108.68218392886106,0.8071749896803756,11.198002899512746,14.364237056157384,NA,NA,NA,t_muestra,11.198002899512746,14.364237056157384,1770
cluster_tiempo,Rutina flexible,2,VTAW_observado,9.391413160885913,-2.9932299999999996,-3.093885000000011,14.193357092606963,52.706343201139035,97.18083776236114,0.7734348225720892,7.874470871744968,10.908355450026857,NA,NA,NA,t_muestra,7.874470871744968,10.908355450026857,1770
cluster_tiempo,Rutina flexible,2,w,3.3897068169491527,3.072352,2.9953825,3.1692180000000003,4.822018999999999,12.023209519999996,0.056530229181883634,3.278833744314986,3.500579889583319,NA,NA,NA,t_muestra,3.278833744314986,3.500579889583319,1770
cluster_tiempo,Jovenes trabajadores,3,VoL_predicho,12.52416358206291,8.59026153407656,5.90163264901842,13.495841734790481,29.858288504209256,68.28226344610488,0.6783672241659117,11.19279381635063,13.85553334777519,1.1739840027913988,10.223154936591769,14.82517222753405,delta,10.223154936591769,14.82517222753405,899
cluster_tiempo,Jovenes trabajadores,3,VTAW_predicho,7.4515328801719205,5.0613748495021404,3.02633953201469,8.044515456771567,18.11984761855795,43.36131338204727,0.47361641703655005,6.5220089354342505,8.38105682490959,1.1739840014863325,5.1505242372587094,9.752541523085132,delta,5.1505242372587094,9.752541523085132,899
cluster_tiempo,Jovenes trabajadores,3,VoL_observado,12.810273085093803,8.781088387702889,4.788099877549659,15.287942118011298,37.70016500119501,79.17657697611081,0.5593590398787879,11.712469878595828,13.908076291591778,NA,NA,NA,t_muestra,11.712469878595828,13.908076291591778,899
cluster_tiempo,Jovenes trabajadores,3,VTAW_observado,7.737642383202813,5.08711078906933,1.8031605101752723,9.860938532328063,25.597714032320958,57.158509496473116,0.4161116112179316,6.920977900306329,8.554306866099296,NA,NA,NA,t_muestra,6.920977900306329,8.554306866099296,899
cluster_tiempo,Jovenes trabajadores,3,w,5.07263070189099,3.550148,2.8131209999999998,5.440621,12.300550099999999,22.77540613999997,0.20911180442424707,4.66222594743621,5.48303545634577,NA,NA,NA,t_muestra,4.66222594743621,5.48303545634577,899
cluster_tiempo,Trabajadores rutinarios,4,VoL_predicho,12.838918635415155,8.777806333286867,6.197138723762555,14.47774736002284,37.029479953929346,65.30526251693682,0.30124461482744713,12.248109472142865,13.429727798687445,0.8864913110180285,11.101395665819819,14.57644160501049,delta,11.101395665819819,14.57644160501049,1880
cluster_tiempo,Trabajadores rutinarios,4,VTAW_predicho,8.351058432223665,5.569825599683952,3.5622462654611593,9.613694030966105,25.360878557351977,46.7381144521146,0.2175743635194643,7.924345650207408,8.777771214239921,0.8864913110180285,6.613535462628329,10.088581401819,delta,6.613535462628329,10.088581401819,1880
cluster_tiempo,Trabajadores rutinarios,4,VoL_observado,13.991388540006156,9.23657861959682,5.764361816376991,15.931905127288815,41.4155536661588,78.29712498951822,0.3974413484646183,13.211915716331973,14.77086136368034,NA,NA,NA,t_muestra,13.211915716331973,14.77086136368034,1880
cluster_tiempo,Trabajadores rutinarios,4,VTAW_observado,9.503528336814666,5.779033954356831,2.9043043634446564,11.302733431578211,30.817622930669224,62.19225869470304,0.32720997316731576,8.861795203852063,10.14526146977727,NA,NA,NA,t_muestra,8.861795203852063,10.14526146977727,1880
cluster_tiempo,Trabajadores rutinarios,4,w,4.487860203191489,3.2344675,2.620069,4.959428999999999,11.424083149999996,20.76233978000001,0.08612886446264277,4.318941922690728,4.65677848369225,NA,NA,NA,t_muestra,4.318941922690728,4.65677848369225,1880
cluster_tiempo,Trabajadores moviles,5,VoL_predicho,8.547771760470884,6.210454248204966,4.546627479902463,9.441839837920538,21.952700295021764,46.80566987689718,0.2656780713642355,8.026319286701487,9.06922423424028,0.7426689778148305,7.092140563953816,10.003402956987951,delta,7.092140563953816,10.003402956987951,862
cluster_tiempo,Trabajadores moviles,5,VTAW_predicho,3.971276528452322,2.759577940383984,1.7400007888454163,4.535845410819569,11.233909115245126,24.869030376897186,0.1463697796765927,3.683993188485577,4.258559868419066,0.7426689768906019,2.5156453337467424,5.4269077231579015,delta,2.5156453337467424,5.4269077231579015,862
cluster_tiempo,Trabajadores moviles,5,VoL_observado,9.814640341999048,6.633309330146435,3.6929092520239073,12.119881637551007,26.72888893874951,59.14681131030291,0.38978425166550346,9.049601807867733,10.579678876130364,NA,NA,NA,t_muestra,9.049601807867733,10.579678876130364,862
cluster_tiempo,Trabajadores moviles,5,VTAW_observado,5.238145109980487,2.620752209539746,0.6661580440893841,6.957722417103871,19.180091325525975,41.95955170177046,0.30355168270073823,4.642357226364923,5.8339329935960516,NA,NA,NA,t_muestra,4.642357226364923,5.8339329935960516,862
cluster_tiempo,Trabajadores moviles,5,w,4.576495232018561,3.383712,2.68897425,5.088554,10.926190449999998,21.712304429999996,0.12206056264122253,4.33692415258352,4.816066311453603,NA,NA,NA,t_muestra,4.33692415258352,4.816066311453603,862
cluster_modo,Usuarios publicos,1,VoL_predicho,4.521821652741143,3.8829357808493765,3.29825864617322,4.726215151969212,8.067684276319094,13.352828602585086,0.1445143569700901,4.238377150831254,4.805266154651032,0.2606240716224097,4.01099847236122,5.032644833121066,delta,4.01099847236122,5.032644833121066,1703
cluster_modo,Usuarios publicos,1,VTAW_predicho,1.0757236691827168,0.8212299415145656,0.46118447174232324,1.3751831644936163,2.1517678759860543,3.874057047134425,0.05844551993974698,0.9610910358893014,1.1903563024761321,0.2606240708896836,0.564900490238937,1.5865468481264966,delta,0.564900490238937,1.5865468481264966,1703
cluster_modo,Usuarios publicos,1,VoL_observado,5.01527665857281,3.7545547649391864,0,7.186634730914254,15.843696524177346,27.729083563093013,0.15429691229363743,4.71264505595387,5.317908261191749,NA,NA,NA,t_muestra,4.71264505595387,5.317908261191749,1703
cluster_modo,Usuarios publicos,1,VTAW_observado,1.5691786750143835,0.7506982904943857,-2.9285240000000003,3.7484874064339473,10.924178210758454,19.709719445538084,0.14375165257784742,1.2872301100556478,1.8511272399731191,NA,NA,NA,t_muestra,1.2872301100556478,1.8511272399731191,1703
cluster_modo,Usuarios publicos,1,w,3.4460979835584262,3.034633,2.7721735,3.310006,6.0522692,9.786869280000001,0.08739245615088395,3.274690022967383,3.6175059441494692,NA,NA,NA,t_muestra,3.274690022967383,3.6175059441494692,1703
cluster_modo,Movilidad activa,2,VoL_predicho,5.349295875463114,4.43666459978902,3.5874934995885686,6.133989843617544,9.771827838042283,23.425721493814507,0.08717679034164379,5.178323131314532,5.520268619611696,0.3219345486743884,4.7183041600613125,5.980287590864916,delta,4.7183041600613125,5.980287590864916,1893
cluster_modo,Movilidad activa,2,VTAW_predicho,1.9846737819607367,1.3627192840424174,0.7007421792323809,2.7632047729701448,5.025700452902983,10.898919161203692,0.05044668411829697,1.88573680592502,2.083610757996454,0.3219345487428687,1.3536820664247142,2.6156654974967593,delta,1.3536820664247142,2.6156654974967593,1893
cluster_modo,Movilidad activa,2,VoL_observado,7.258875829720027,3.369386606304661,0,10.256334709974281,25.31414193959108,58.712658336113876,0.3301547361049488,6.61137021493084,7.906381444509213,NA,NA,NA,t_muestra,6.61137021493084,7.906381444509213,1893
cluster_modo,Movilidad activa,2,VTAW_observado,3.894253736217649,0.39810846656954846,-3.030281,7.098200615393859,20.14639911642208,48.712031913227804,0.3036758826272942,3.298678941813579,4.489828530621719,NA,NA,NA,t_muestra,3.298678941813579,4.489828530621719,1893
cluster_modo,Movilidad activa,2,w,3.364622093502377,3.045845,2.924551,3.169244,5.919214999999999,12.349273679999964,0.042061589362244994,3.2821301214037146,3.4471140656010397,NA,NA,NA,t_muestra,3.2821301214037146,3.4471140656010397,1893
cluster_modo,Movilidad mixta,3,VoL_predicho,6.645828940700236,5.083036220922352,3.94118068164612,7.072085178387274,15.125334521514718,32.11939448916823,0.18125607812258773,6.290314652733276,7.001343228667196,0.44700085393447453,5.769707266988666,7.521950614411805,delta,5.769707266988666,7.521950614411805,1663
cluster_modo,Movilidad mixta,3,VTAW_predicho,2.7079288222396225,1.9238511625745351,1.1245184614245627,3.1297847620050065,6.832034327765535,16.058277360264192,0.10022901999478068,2.511340387544642,2.904517256934603,0.4470008543933843,1.8318071476285893,3.5840504968506557,delta,1.8318071476285893,3.5840504968506557,1663
cluster_modo,Movilidad mixta,3,VoL_observado,8.08766937412731,5.568406756402801,1.5541546553091914,10.433326597913954,26.788146714155157,51.90757353938756,0.26691511531116435,7.564144104517926,8.611194643736695,NA,NA,NA,t_muestra,7.564144104517926,8.611194643736695,1663
cluster_modo,Movilidad mixta,3,VTAW_observado,4.149769255666697,2.3649422355281966,-1.2064737396445282,6.326455001447851,19.403738268708725,36.60311222018503,0.21125617992906118,3.735412997029648,4.564125514303746,NA,NA,NA,t_muestra,3.735412997029648,4.564125514303746,1663
cluster_modo,Movilidad mixta,3,w,3.9379001184606133,3.099821,2.7865855,4.070399,8.504368799999998,16.528323139999983,0.08351290380109218,3.7740985464613646,4.101701690459862,NA,NA,NA,t_muestra,3.7740985464613646,4.101701690459862,1663
cluster_modo,Motorizados privados,4,VoL_predicho,7.748524225483797,5.479879246963042,4.055637819101281,8.567706147558363,20.515757854713062,38.55565325821307,0.14033533547728316,7.47334704577029,8.023701405197304,0.4292981844227165,6.907099784015273,8.58994866695232,delta,6.907099784015273,8.58994866695232,2666
cluster_modo,Motorizados privados,4,VTAW_predicho,2.876299993675845,1.9097744876133291,1.0882239464742967,3.4077006654970514,8.465620126460065,17.524077647464313,0.06548790548485313,2.7478877368812356,3.0047122504704546,0.4292981840282249,2.0348755529805245,3.7177244343711657,delta,2.0348755529805245,3.7177244343711657,2666
cluster_modo,Motorizados privados,4,VoL_observado,9.983521692751443,6.260358877125519,1.499862577876931,12.797740367905408,32.935264087671385,63.410059991102365,0.27354428108443635,9.447141147256122,10.519902238246765,NA,NA,NA,t_muestra,9.447141147256122,10.519902238246765,2666
cluster_modo,Motorizados privados,4,VTAW_observado,5.111297460943491,2.4505955423145442,-1.2125675058677303,7.268563599067106,22.549490926281457,48.64039709827499,0.21570442690089067,4.688332456125344,5.534262465761638,NA,NA,NA,t_muestra,4.688332456125344,5.534262465761638,2666
cluster_modo,Motorizados privados,4,w,4.872224231807952,3.3175935,2.9853215000000004,5.3780815,12.063131,21.150944449999997,0.07679691704248204,4.721636648356005,5.022811815259899,NA,NA,NA,t_muestra,4.721636648356005,5.022811815259899,2666
